owning_agency_name,reporting_agency_name,submission_period,federal_account_symbol,federal_account_name,agency_identifier_name,budget_function,budget_subfunction,budget_authority_unobligated_balance_brought_forward,adjustments_to_unobligated_balance_brought_forward_cpe,budget_authority_appropriated_amount,borrowing_authority_amount,contract_authority_amount,spending_authority_from_offsetting_collections_amount,total_other_budgetary_resources_amount,total_budgetary_resources,obligations_incurred,deobligations_or_recoveries_or_refunds_from_prior_year,unobligated_balance,gross_outlay_amount,status_of_budgetary_resources_total,last_modified_date
Department of Justice,Department of Justice,FY2024P12,015-0200,"Salaries and Expenses, Federal Bureau of Investigation, Justice",Department of Justice,National Defense,Defense-related activities,1074656911.53,550973538.82,10308038228.00,0.00,0.00,1324125362.32,1324125362.32,13257794040.67,12033323454.69,209021623.66,1224470585.98,12466556551.34,13257794040.67,2024-11-15
Department of Justice,Department of Justice,FY2024P12,015-0333,"Payment to the Radiation Exposure Compensation Trust Fund, Justice",Department of Justice,National Defense,Defense-related activities,0.00,0.00,80000000.00,0.00,0.00,0.00,0.00,80000000.00,80000000.00,0.00,0.00,80000000.00,80000000.00,2024-11-15
Department of Justice,Department of Justice,FY2024P12,015-8116,"Radiation Exposure Compensation Trust Fund, Justice",Department of Justice,National Defense,Defense-related activities,28014232.09,80000.00,80000000.00,0.00,0.00,0.00,0.00,108094232.09,52313372.43,80000.00,55780859.66,52388372.43,108094232.09,2024-11-15
Department of Labor,Department of Labor,FY2024P12,016-1523,"Energy Employees Occupational Illness Compensation Fund, Labor",Department of Labor,National Defense,Atomic energy defense activities,0.00,0.00,2693026324.40,0.00,0.00,28108981.91,28108981.91,2721135306.31,2721135306.31,0.00,0.00,2720871106.21,2721135306.31,2024-11-15
Department of Labor,Department of Labor,FY2024P12,016-1524,"Administrative Expenses, Energy Employees Occupational Illness Compensation Fund, Office of Workers' Compensation Programs, Labor",Department of Labor,National Defense,Atomic energy defense activities,2573343.05,1101249.18,134849099.73,0.00,0.00,7060900.00,7060900.00,145584591.96,144699490.64,1101249.18,885101.32,141743368.85,145584591.96,2024-11-15
Department of Defense,Department of Defense,FY2024P12,017-0380,"Coastal Defense Augmentation, Navy",Department of the Navy,National Defense,Department of Defense-Military,4410866.40,0.00,0.00,0.00,0.00,0.00,0.00,4410866.40,0.00,0.00,4410866.40,0.00,4410866.40,2025-01-09
Department of Defense,Department of Defense,FY2024P12,017-0730,"Family Housing Construction, Navy and Marine Corps",Department of the Navy,National Defense,Department of Defense-Military,98409375.40,10939928.13,277142000.00,0.00,0.00,0.00,0.00,386491303.53,268942839.09,12538644.71,117548464.44,102706335.06,386491303.53,2025-01-09
Department of Defense,Department of Defense,FY2024P12,017-0735,"Family Housing Operation and Maintenance, Navy and Marine Corps",Department of the Navy,National Defense,Department of Defense-Military,49271600.11,13640499.92,373854000.00,0.00,0.00,10764512.87,10764512.87,447530612.90,394909873.47,30828201.12,52620739.43,377045830.26,447530612.90,2025-01-09
Department of Defense,Department of Defense,FY2024P12,017-0810,"Environmental Restoration, Navy",Department of the Navy,National Defense,Department of Defense-Military,21770873.53,0.00,0.00,0.00,0.00,0.00,0.00,21770873.53,0.00,0.00,21770873.53,0.00,21770873.53,2025-01-09
Department of Defense,Department of Defense,FY2024P12,017-1000,"Medicare-Eligible Retiree Health Fund Contribution, Navy",Department of the Navy,National Defense,Department of Defense-Military,0.00,0.00,2175657000.00,0.00,0.00,0.00,0.00,2175657000.00,2175657000.00,0.00,0.00,2175657000.00,2175657000.00,2025-01-09
Department of Defense,Department of Defense,FY2024P12,017-1001,"Medicare-Eligible Retiree Health Fund Contribution, Marine Corps",Department of the Navy,National Defense,Department of Defense-Military,0.00,0.00,1102941000.00,0.00,0.00,0.00,0.00,1102941000.00,1102941000.00,0.00,0.00,1102941000.00,1102941000.00,2025-01-09
Department of Defense,Department of Defense,FY2024P12,017-1002,"Medicare-Eligible Retiree Health Fund Contribution, Reserve Personnel, Navy",Department of the Navy,National Defense,Department of Defense-Military,0.00,0.00,183698000.00,0.00,0.00,0.00,0.00,183698000.00,183698000.00,0.00,0.00,183698000.00,183698000.00,2025-01-09
Department of Defense,Department of Defense,FY2024P12,017-1003,"Medicare-Eligible Retiree Health Fund Contribution, Reserve Personnel, Marine Corps",Department of the Navy,National Defense,Department of Defense-Military,0.00,0.00,94316000.00,0.00,0.00,0.00,0.00,94316000.00,94316000.00,0.00,0.00,94316000.00,94316000.00,2025-01-09
Department of Defense,Department of Defense,FY2024P12,017-1105,"Military Personnel, Marine Corps",Department of the Navy,National Defense,Department of Defense-Military,206402905.56,125045332.45,15404740000.00,0.00,0.00,32124770.07,32124770.07,15768313008.08,15635532499.36,170959978.60,132780508.72,14778836480.48,15768313008.08,2025-01-09
Department of Defense,Department of Defense,FY2024P12,017-1106,"Operation and Maintenance, Marine Corps",Department of the Navy,National Defense,Department of Defense-Military,319400998.23,546190831.63,10226601597.00,0.00,0.00,368041807.13,368041807.13,11460235233.99,11086969579.14,665913866.60,373265654.85,10324049012.36,11460235233.99,2025-01-09
Department of Defense,Department of Defense,FY2024P12,017-1107,"Operation and Maintenance, Marine Corps Reserve",Department of the Navy,National Defense,Department of Defense-Military,22818621.13,7107186.96,323023000.00,0.00,0.00,551110.57,551110.57,353499918.66,333876806.76,19384500.82,19623111.90,294067065.44,353499918.66,2025-01-09
Department of Defense,Department of Defense,FY2024P12,017-1108,"Reserve Personnel, Marine Corps",Department of the Navy,National Defense,Department of Defense-Military,25328972.12,28707592.63,917326000.00,0.00,0.00,7354728.13,7354728.13,978717292.88,962138399.89,42701445.77,16578892.99,907762647.92,978717292.88,2025-01-09
Department of Defense,Department of Defense,FY2024P12,017-1109,"Procurement, Marine Corps",Department of the Navy,National Defense,Department of Defense-Military,1271445918.81,-3613025.56,4551428238.00,0.00,0.00,6145500.00,6145500.00,5825406631.25,3723890610.25,52266146.26,2101516021.00,3698918375.18,5825406631.25,2025-01-09
Department of Defense,Department of Defense;Department of Transportation,FY2024P12,017-1205,"Military Construction, Navy and Marine Corps",Department of the Navy,National Defense,Department of Defense-Military,7689263779.24,1199505553.49,6057933000.00,0.00,0.00,1083607193.49,1083607193.49,16030309526.22,6762631879.16,1213719854.83,9267677647.06,4806487365.37,16030309526.22,2025-01-09
Department of Defense,Department of Defense,FY2024P12,017-1235,"Military Construction, Naval Reserve",Department of the Navy,National Defense,Department of Defense-Military,222631724.34,24156316.85,51291000.00,0.00,0.00,0.00,0.00,298079041.19,85138737.55,31998701.54,212940303.64,65395918.66,298079041.19,2025-01-09
Department of Defense,Department of Defense,FY2024P12,017-1236,"Payments to Kaho'Olawe Island Conveyance, Remediation, and Environmental Restoration Fund, Navy",Department of the Navy,National Defense,Department of Defense-Military,43065.77,0.00,0.00,0.00,0.00,0.00,0.00,43065.77,0.00,0.00,43065.77,0.00,43065.77,2025-01-09
Department of Defense,Department of Defense,FY2024P12,017-1319,"Research, Development, Test, and Evaluation, Navy",Department of the Navy,National Defense,Department of Defense-Military,4390062333.82,1304329009.07,27826758851.00,0.00,0.00,440570962.67,440570962.67,33961721156.56,29562853987.10,1121952304.31,4398867169.46,27036841874.74,33961721156.56,2025-01-09
Department of Defense,Department of Defense,FY2024P12,017-1405,"Reserve Personnel, Navy",Department of the Navy,National Defense,Department of Defense-Military,47749153.09,50316154.66,2479664000.00,0.00,0.00,15255456.69,15255456.69,2592984764.44,2552194142.31,71222702.33,40790622.13,2432370591.49,2592984764.44,2025-01-09
Department of Defense,Department of Defense,FY2024P12,017-1453,"Military Personnel, Navy",Department of the Navy,National Defense,Department of Defense-Military,259618990.77,850875398.98,36735484000.00,0.00,0.00,503643086.23,503643086.23,38349621475.98,38096402462.92,698846356.85,253219013.06,36354073236.86,38349621475.98,2025-01-09
Department of Defense,Department of Defense,FY2024P12,017-1506,"Aircraft Procurement, Navy",Department of the Navy,National Defense,Department of Defense-Military,7178125687.19,270109870.96,19435112835.00,0.00,0.00,182262.76,182262.76,26883530655.91,15219858696.61,1139466101.83,11663671959.30,17078926359.56,26883530655.91,2025-01-09
Department of Defense,Department of Defense,FY2024P12,017-1507,"Weapons Procurement, Navy",Department of the Navy,National Defense,Department of Defense-Military,1757852641.43,280745982.14,6389718777.00,0.00,0.00,80257520.60,80257520.60,8508574921.17,5345271722.52,192076468.78,3163303198.65,4110832397.82,8508574921.17,2025-01-09
Department of Defense,Department of Defense,FY2024P12,017-1508,"Procurement of Ammunition, Navy and Marine Corps",Department of the Navy,National Defense,Department of Defense-Military,540939343.44,52212878.67,2047279000.00,0.00,0.00,51922127.69,51922127.69,2692353349.80,1509648020.10,12085456.91,1182705329.70,1019988460.73,2692353349.80,2025-01-09
Department of Defense,Department of Defense,FY2024P12,017-1611,"Shipbuilding and Conversion, Navy",Department of the Navy,National Defense,Department of Defense-Military,17207767352.68,698390738.39,27545561000.00,0.00,0.00,0.00,0.00,45451719091.07,21191589562.44,695867693.02,24260129528.63,19576221417.89,45451719091.07,2025-01-09
Department of Defense,Department of Defense,FY2024P12,017-1612,"National Sea-Based Deterrence Fund, Navy",Department of the Navy,National Defense,Department of Defense-Military,872679918.78,215989253.89,7789332000.00,0.00,0.00,0.00,0.00,8878001172.67,7757048036.97,215989253.89,1120953135.70,6145100168.79,8878001172.67,2025-01-09
Department of Defense,Department of Defense;Department of Transportation,FY2024P12,017-1804,"Operation and Maintenance, Navy",Department of the Navy,National Defense,Department of Defense-Military,4072197369.65,4498666159.94,74415120869.00,0.00,0.00,3652252034.80,3652252034.80,86638236433.39,84406886313.70,5243602081.61,2231350119.69,76359970554.02,86638236433.39,2025-01-09
Department of Defense,Department of Defense,FY2024P12,017-1806,"Operation and Maintenance, Navy Reserve",Department of the Navy,National Defense,Department of Defense-Military,120843084.45,31385361.70,1363643000.00,0.00,0.00,11707182.62,11707182.62,1527578628.77,1409845623.84,87269386.90,117733004.93,1287135764.49,1527578628.77,2025-01-09
Department of Defense,Department of Defense,FY2024P12,017-1810,"Other Procurement, Navy",Department of the Navy,National Defense,Department of Defense-Military,3326522026.54,654057486.71,15047340157.00,0.00,0.00,176164215.81,176164215.81,19204083886.06,14817532851.85,779036510.91,4386551034.21,11933858281.51,19204083886.06,2025-01-09
Department of Defense,Department of Defense,FY2024P12,017-4557,"National Defense Sealift Fund, Navy",Department of the Navy,National Defense,Department of Defense-Military,102512022.45,4070635.84,32308000.00,0.00,0.00,0.00,0.00,138890658.29,35583569.69,4070635.84,103307088.60,24230613.03,138890658.29,2025-01-09
Department of Defense,Department of Defense,FY2024P12,017-5185,"Kaho'Olawe Island Conveyance, Remediation, and Environmental Restoration Fund, Navy",Department of the Navy,National Defense,Department of Defense-Military,347124.58,0.00,0.00,0.00,0.00,0.00,0.00,347124.58,0.00,0.00,347124.58,0.00,347124.58,2025-01-09
Department of Defense,Department of Defense,FY2024P12,017-5562,Ford Island Improvement Account,Department of the Navy,National Defense,Department of Defense-Military,100000.00,0.00,0.00,0.00,0.00,0.00,0.00,100000.00,0.00,0.00,100000.00,0.00,100000.00,2025-01-09
Department of Defense,Department of Defense,FY2024P12,017-5630,"Department of Defense World War II Commemoration Fund, Navy",Department of the Navy,National Defense,Department of Defense-Military,667597.00,0.00,0.00,0.00,0.00,0.00,0.00,667597.00,0.00,0.00,667597.00,0.00,667597.00,2025-01-09
Department of Defense,Department of Defense,FY2024P12,017-8716,"Department of the Navy General Gift Fund, Navy",Department of the Navy,National Defense,Department of Defense-Military,8650839.94,0.00,1067615.72,0.00,0.00,0.00,0.00,9718455.66,1910634.94,0.00,7807820.72,1189677.86,9718455.66,2025-01-09
Department of Defense,Department of Defense,FY2024P12,017-8723,"Ships' Stores Profits, Navy",Department of the Navy,National Defense,Department of Defense-Military,3418530.25,0.00,10184924.59,0.00,0.00,0.00,0.00,13603454.84,10763835.33,0.00,2839619.51,10763835.33,13603454.84,2025-01-09
Department of Defense,Department of Defense,FY2024P12,017-8733,United States Naval Academy General Gift Fund,Department of the Navy,National Defense,Department of Defense-Military,28643570.98,0.00,13548451.48,0.00,0.00,0.00,0.00,42192022.46,19289035.34,0.00,22902987.12,17591832.55,42192022.46,2025-01-09
Department of Defense,Department of Defense,FY2024P12,021-0720,"Family Housing Construction, Army",Department of the Army,National Defense,Department of Defense-Military,452833180.44,-29445098.71,304895000.00,0.00,0.00,0.00,0.00,728283081.73,329199435.91,12573158.84,399083645.82,176640337.79,728283081.73,2025-01-09
Department of Defense,Department of Defense,FY2024P12,021-0725,"Family Housing Operation and Maintenance, Army",Department of the Army,National Defense,Department of Defense-Military,62871035.54,31375585.25,395485000.00,0.00,0.00,4774321.20,4774321.20,494505941.99,418842152.15,45977618.05,75663789.84,437199147.77,494505941.99,2025-01-09
Department of Defense,Department of Defense,FY2024P12,021-0810,"Environmental Restoration, Army",Department of the Army,National Defense,Department of Defense-Military,2351814.26,601928.31,860000.00,0.00,0.00,0.00,0.00,3813742.57,582000.00,0.00,3231742.57,582000.00,3813742.57,2025-01-09
Department of Defense,Department of Defense,FY2024P12,021-1004,"Medicare-Eligible Retiree Health Fund Contribution, Army",Department of the Army,National Defense,Department of Defense-Military,0.00,0.00,2846715000.00,0.00,0.00,0.00,0.00,2846715000.00,2846715000.00,0.00,0.00,2846715000.00,2846715000.00,2025-01-09
Department of Defense,Department of Defense,FY2024P12,021-1005,"Medicare-Eligible Retiree Health Fund Contribution, Reserve Personnel, Army",Department of the Army,National Defense,Department of Defense-Military,0.00,0.00,510346000.00,0.00,0.00,0.00,0.00,510346000.00,510346000.00,0.00,0.00,510346000.00,510346000.00,2025-01-09
Department of Defense,Department of Defense,FY2024P12,021-1006,"Medicare-Eligible Retiree Health Fund Contribution, National Guard Personnel, Army",Department of the Army,National Defense,Department of Defense-Military,0.00,0.00,943772000.00,0.00,0.00,0.00,0.00,943772000.00,943772000.00,0.00,0.00,943772000.00,943772000.00,2025-01-09
Department of Defense,Department of Defense,FY2024P12,021-2010,"Military Personnel, Army",Department of the Army,National Defense,Department of Defense-Military,155393486.27,2370666193.98,50189017000.00,0.00,0.00,311372812.37,311372812.37,53026449492.62,52899583666.68,1475678483.31,126865825.94,50418286212.28,53026449492.62,2025-01-09
Department of Defense,Department of Defense;Department of Transportation,FY2024P12,021-2020,"Operation and Maintenance, Army",Department of the Army,National Defense,Department of Defense-Military,2924426979.83,8378160884.46,64035567877.00,0.00,0.00,9829367869.29,9829367869.29,85167523610.58,81906189738.43,9291834099.48,3261333872.15,71833492779.93,85167523610.58,2025-01-09
Department of Defense,Department of Defense,FY2024P12,021-2031,"Aircraft Procurement, Army",Department of the Army,National Defense,Department of Defense-Military,2070679059.91,452007717.25,3317665600.00,0.00,0.00,150520761.00,150520761.00,5990873138.16,4525031803.41,478984290.93,1465841334.75,3426114251.78,5990873138.16,2025-01-09
Department of Defense,Department of Defense,FY2024P12,021-2032,"Missile Procurement, Army",Department of the Army,National Defense,Department of Defense-Military,2812441763.85,1529767966.82,8024715000.00,0.00,0.00,1064620710.38,1064620710.38,13431545441.05,7306229400.75,477107053.54,6125316040.30,5429177684.28,13431545441.05,2025-01-09
Department of Defense,Department of Defense,FY2024P12,021-2033,"Procurement of Weapons and Tracked Combat Vehicles, Army",Department of the Army,National Defense,Department of Defense-Military,5090155677.01,-48009102.00,6662932000.00,0.00,0.00,27258989.21,27258989.21,11732337564.22,7046164431.91,340416620.19,4686173132.31,4764796496.90,11732337564.22,2025-01-09
Department of Defense,Department of Defense,FY2024P12,021-2034,"Procurement of Ammunition, Army",Department of the Army,National Defense,Department of Defense-Military,4067108837.71,1035751012.02,9941739568.00,0.00,0.00,1775081361.80,1775081361.80,16819680779.53,8904302023.65,566808459.49,7915378755.88,4702818398.29,16819680779.53,2025-01-09
Department of Defense,Department of Defense,FY2024P12,021-2035,"Other Procurement, Army",Department of the Army,National Defense,Department of Defense-Military,2766202524.65,693328085.19,9549067771.00,0.00,0.00,24840455.69,24840455.69,13033438836.53,9976043649.47,755185197.20,3057395187.06,9175241908.05,13033438836.53,2025-01-09
Department of Defense,Department of Defense,FY2024P12,021-2040,"Research, Development, Test, and Evaluation, Army",Department of the Army,National Defense,Department of Defense-Military,5816102759.59,1913762501.06,17079093455.00,0.00,0.00,6793572758.22,6793572758.22,31602531473.87,24620169480.08,2125861357.88,6982361993.79,23154682437.21,31602531473.87,2025-01-09
Department of Defense,Department of Defense;Department of Transportation,FY2024P12,021-2050,"Military Construction, Army",Department of the Army,National Defense,Department of Defense-Military,5758883560.37,336751180.69,2100989000.00,0.00,0.00,6712784878.28,6712784878.28,14909408619.34,8902116648.80,357747651.08,6007291970.54,6438656956.54,14909408619.34,2025-01-09
Department of Defense,Department of Defense,FY2024P12,021-2060,"National Guard Personnel, Army",Department of the Army,National Defense,Department of Defense-Military,324832179.27,661531135.87,10032629000.00,0.00,0.00,21014147.21,21014147.21,11040006462.35,10850511935.97,711832580.00,189494526.38,9796294840.80,11040006462.35,2025-01-09
Department of Defense,Department of Defense;Department of Transportation,FY2024P12,021-2065,"Operation and Maintenance, Army National Guard",Department of the Army,National Defense,Department of Defense-Military,475762053.13,1135172636.71,8629051000.00,0.00,0.00,98641545.12,98641545.12,10338627234.96,9891448499.17,1319774662.98,447178735.79,8480258410.21,10338627234.96,2025-01-09
Department of Defense,Department of Defense,FY2024P12,021-2070,"Reserve Personnel, Army",Department of the Army,National Defense,Department of Defense-Military,182085271.73,433186386.86,5374191000.00,0.00,0.00,29668418.05,29668418.05,6019131076.64,5861399326.48,413111094.56,157731750.16,5327690116.20,6019131076.64,2025-01-09
Department of Defense,Department of Defense,FY2024P12,021-2080,"Operation and Maintenance, Army Reserve",Department of the Army,National Defense,Department of Defense-Military,146495098.78,175664176.15,3565415000.00,0.00,0.00,17137027.22,17137027.22,3904711302.15,3744741014.48,251218267.01,159970287.67,3206468143.28,3904711302.15,2025-01-09
Department of Defense,Department of Defense,FY2024P12,021-2085,"Military Construction, Army National Guard",Department of the Army,National Defense,Department of Defense-Military,1288032397.72,126923344.68,687462000.00,0.00,0.00,0.00,0.00,2102417742.40,647551477.16,131835344.20,1454866265.24,516225594.36,2102417742.40,2025-01-09
Department of Defense,Department of Defense;Department of Transportation,FY2024P12,021-2086,"Military Construction, Army Reserve",Department of the Army,National Defense,Department of Defense-Military,405737089.98,1955413.68,174076000.00,0.00,0.00,0.00,0.00,581768503.66,288126050.19,2258268.17,293642453.47,77140270.67,581768503.66,2025-01-09
Department of Defense,Department of Defense,FY2024P12,021-2091,"Afghanistan Security Forces Fund, Army",Department of the Army,National Defense,Department of Defense-Military,2225685456.25,377284237.16,0.00,0.00,0.00,81563.58,81563.58,2603051256.99,396676490.91,735063577.23,2206374766.08,21778951.33,2603051256.99,2025-01-09
Department of Defense,Department of Defense,FY2024P12,021-2093,"Joint Improvised Explosive Device Defeat Fund, Army",Department of the Army,National Defense,Department of Defense-Military,1317486.76,-1313822.43,0.00,0.00,0.00,0.00,0.00,3664.33,3664.33,4642531.24,0.00,0.00,3664.33,2025-01-09
Department of Defense,Department of Defense,FY2024P12,021-2099,"Counter-ISIS Train and Equip Fund, Army",Department of the Army,National Defense,Department of Defense-Military,535397637.45,19075013.35,347950000.00,0.00,0.00,2948.04,2948.04,902425598.84,325349721.89,104566013.64,577075876.95,350524624.93,902425598.84,2025-01-09
Department of Defense,Department of Defense,FY2024P12,021-5098,"Restoration, Rocky Mountain Arsenal, Army",Department of the Army,National Defense,Department of Defense-Military,15248031.31,775169.41,854389.04,0.00,0.00,0.00,0.00,16877589.76,6027484.90,775169.41,10850104.86,1720504.26,16877589.76,2025-01-09
Department of Defense,Department of Defense,FY2024P12,021-5286,"National Science Center, Army",Department of the Army,National Defense,Department of Defense-Military,47027.41,0.00,2537.00,0.00,0.00,0.00,0.00,49564.41,23987.00,0.00,25577.41,23987.00,49564.41,2025-01-09
Department of Defense,Department of Defense,FY2024P12,021-5752,"Department of Defense Korean War Commemoration Fund, Army",Department of the Army,National Defense,Department of Defense-Military,500.00,0.00,0.00,0.00,0.00,0.00,0.00,500.00,0.00,0.00,500.00,0.00,500.00,2025-01-09
Department of Defense,Department of Defense,FY2024P12,021-5756,"Natick Land Conveyance, Army",Department of the Army,National Defense,Department of Defense-Military,9540000.00,0.00,9540000.00,0.00,0.00,0.00,0.00,19080000.00,9573823.92,0.00,9506176.08,9573823.92,19080000.00,2025-01-09
Department of Defense,Department of Defense,FY2024P12,021-8063,"Bequest of Major General Fred C. Ainsworth, Library, Walter Reed General Hospital, Army",Department of the Army,National Defense,Department of Defense-Military,23684.25,0.00,0.00,0.00,0.00,0.00,0.00,23684.25,0.00,0.00,23684.25,0.00,23684.25,2025-01-09
Department of Defense,Department of Defense,FY2024P12,021-8721,Heritage Center for the National Museum of the United States Army,Department of the Army,National Defense,Department of Defense-Military,0.00,77419.00,0.00,0.00,0.00,0.00,0.00,77419.00,0.00,77419.00,77419.00,0.00,77419.00,2025-01-09
Department of Defense,Department of Defense,FY2024P12,021-8927,"Department of the Army General Gift Fund, Army",Department of the Army,National Defense,Department of Defense-Military,47892774.38,6559681.29,20383237.32,0.00,0.00,0.00,0.00,74835692.99,25861310.76,6559681.29,48974382.23,28604316.55,74835692.99,2025-01-09
Department of Defense,Department of Defense,FY2024P12,057-0740,"Family Housing Construction, Air Force",Department of the Air Force,National Defense,Department of Defense-Military,606218992.57,3014838.02,237097000.00,0.00,0.00,0.00,0.00,846330830.59,21549501.90,14741918.74,824781328.69,80629853.81,846330830.59,2025-01-09
Department of Defense,Department of Defense,FY2024P12,057-0745,"Family Housing Operation and Maintenance, Air Force",Department of the Air Force,National Defense,Department of Defense-Military,159062427.82,70529814.94,324386000.00,0.00,0.00,1805645.57,1805645.57,555783888.33,384956787.60,117234217.07,170827100.73,324089981.99,555783888.33,2025-01-09
Department of Defense,Department of Defense,FY2024P12,057-0810,"Environmental Restoration, Air Force",Department of the Air Force,National Defense,Department of Defense-Military,1604867.30,0.00,1000000.00,0.00,0.00,0.00,0.00,2604867.30,0.00,0.00,2604867.30,0.00,2604867.30,2025-01-09
Department of Defense,Department of Defense,FY2024P12,057-1007,"Medicare-Eligible Retiree Health Fund Contribution, Air Force",Department of the Air Force,National Defense,Department of Defense-Military,0.00,0.00,2047980000.00,0.00,0.00,0.00,0.00,2047980000.00,2047980000.00,0.00,0.00,2047980000.00,2047980000.00,2025-01-09
Department of Defense,Department of Defense,FY2024P12,057-1008,"Medicare-Eligible Retiree Health Fund Contribution, Reserve Personnel, Air Force",Department of the Air Force,National Defense,Department of Defense-Military,0.00,0.00,198046000.00,0.00,0.00,0.00,0.00,198046000.00,198046000.00,0.00,0.00,198046000.00,198046000.00,2025-01-09
Department of Defense,Department of Defense,FY2024P12,057-1009,"Medicare-Eligible Retiree Health Fund Contribution, National Guard Personnel, Air Force",Department of the Air Force,National Defense,Department of Defense-Military,0.00,0.00,371867000.00,0.00,0.00,0.00,0.00,371867000.00,371867000.00,0.00,0.00,371867000.00,371867000.00,2025-01-09
Department of Defense,Department of Defense,FY2024P12,057-1010,"Medicare-Eligible Retiree Health Fund Contribution, Space Force, Air Force",Department of the Air Force,National Defense,Department of Defense-Military,0.00,0.00,58016000.00,0.00,0.00,0.00,0.00,58016000.00,58016000.00,0.00,0.00,58016000.00,58016000.00,2025-01-09
Department of Defense,Department of Defense,FY2024P12,057-3010,"Aircraft Procurement, Air Force",Department of the Air Force,National Defense,Department of Defense-Military,13601292731.86,36780474.34,20362051274.00,0.00,0.00,153710035.48,153710035.48,34153834515.68,16898337659.48,543158613.23,17255496856.20,17030241822.08,34153834515.68,2025-01-09
Department of Defense,Department of Defense,FY2024P12,057-3011,"Procurement of Ammunition, Air Force",Department of the Air Force,National Defense,Department of Defense-Military,393619493.16,247345260.29,598738000.00,0.00,0.00,663970337.47,663970337.47,1903673090.92,1389445325.31,282294868.77,514227765.61,989464599.92,1903673090.92,2025-01-09
Department of Defense,Department of Defense,FY2024P12,057-3020,"Missile Procurement, Air Force",Department of the Air Force,National Defense,Department of Defense-Military,705343287.08,505455888.44,6014594000.00,0.00,0.00,117959723.80,117959723.80,7343352899.32,4626851400.33,49701834.35,2716501498.99,2610336273.33,7343352899.32,2025-01-09
Department of Defense,Department of Defense,FY2024P12,057-3021,"Space Procurement, Air Force",Department of the Air Force,National Defense,Department of Defense-Military,107928688.99,32885578.27,0.00,0.00,0.00,0.00,0.00,140814267.26,26608994.04,99746596.12,114205273.22,187447408.23,140814267.26,2025-01-09
Department of Defense,Department of Defense,FY2024P12,057-3022,"Procurement, Space Force, Air Force",Department of the Air Force,National Defense,Department of Defense-Military,1626455598.43,116099918.90,4066152000.00,0.00,0.00,14808669.04,14808669.04,5823516186.37,4451076024.65,116099918.90,1372440161.72,2383512945.34,5823516186.37,2025-01-09
Department of Defense,Department of Defense,FY2024P12,057-3080,"Other Procurement, Air Force",Department of the Air Force,National Defense,Department of Defense-Military,5058334032.97,249034770.94,34540932713.00,0.00,0.00,373700887.35,373700887.35,40222002404.26,33393278381.50,369100850.22,6828724022.76,33462296716.76,40222002404.26,2025-01-09
Department of Defense,Department of Defense;Department of Transportation,FY2024P12,057-3300,"Military Construction, Air Force",Department of the Air Force,National Defense,Department of Defense-Military,2953634802.50,1157443695.83,3136224000.00,0.00,0.00,183587.70,183587.70,7247486086.03,2322446862.94,1209314882.40,4925039223.09,3221155654.29,7247486086.03,2025-01-09
Department of Defense,Department of Defense;Department of Transportation,FY2024P12,057-3400,"Operation and Maintenance, Air Force",Department of the Air Force,National Defense,Department of Defense-Military,2123841718.53,15493261510.43,63094168463.00,0.00,0.00,3278230366.34,3278230366.34,83989502058.30,81894626044.67,16601140513.83,2094876013.63,64760371332.55,83989502058.30,2025-01-09
Department of Defense,Department of Defense,FY2024P12,057-3410,"Operation and Maintenance, Space Force",Department of the Air Force,National Defense,Department of Defense-Military,102815718.35,130075169.01,4951309000.00,0.00,0.00,377048225.30,377048225.30,5561248112.66,5433544933.64,118247169.01,127703179.02,4284805142.52,5561248112.66,2025-01-09
Department of Defense,Department of Defense,FY2024P12,057-3500,"Military Personnel, Air Force",Department of the Air Force,National Defense,Department of Defense-Military,394753221.52,650630977.33,35731740000.00,0.00,0.00,532330395.65,532330395.65,37309454594.50,37043359786.71,1035066837.18,266094807.79,34903785641.73,37309454594.50,2025-01-09
Department of Defense,Department of Defense,FY2024P12,057-3510,"Military Personnel, Space Force, Air Force",Department of the Air Force,National Defense,Department of Defense-Military,10606149.13,20015272.26,1264470000.00,0.00,0.00,300000.00,300000.00,1295391421.39,1283903799.50,18320272.26,11487621.89,1124494403.25,1295391421.39,2025-01-09
Department of Defense,Department of Defense,FY2024P12,057-3600,"Research, Development, Test, and Evaluation, Air Force",Department of the Air Force,National Defense,Department of Defense-Military,8145203811.27,492866011.22,47581725886.00,0.00,0.00,5101235188.28,5101235188.28,61321030896.77,50928895157.26,934485586.39,10392135739.51,50265490874.96,61321030896.77,2025-01-09
Department of Defense,Department of Defense,FY2024P12,057-3620,"Research, Development, Test, and Evaluation, Space Force, Air Force",Department of the Air Force,National Defense,Department of Defense-Military,2663316557.17,179585774.94,18435480000.00,0.00,0.00,1833896306.31,1833896306.31,23112278638.42,20360704026.66,179585774.94,2751574611.76,18355848516.59,23112278638.42,2025-01-09
Department of Defense,Department of Defense,FY2024P12,057-3700,"Reserve Personnel, Air Force",Department of the Air Force,National Defense,Department of Defense-Military,82247852.20,41567231.43,2437378000.00,0.00,0.00,13194378.99,13194378.99,2574387462.62,2477747870.46,89904500.19,96639592.16,2343998117.63,2574387462.62,2025-01-09
Department of Defense,Department of Defense,FY2024P12,057-3730,"Military Construction, Air Force Reserve",Department of the Air Force,National Defense,Department of Defense-Military,150893020.13,36341035.97,331572000.00,0.00,0.00,0.00,0.00,518806056.10,109877192.31,36607750.69,408928863.79,115643298.53,518806056.10,2025-01-09
Department of Defense,Department of Defense,FY2024P12,057-3740,"Operation and Maintenance, Air Force Reserve",Department of the Air Force,National Defense,Department of Defense-Military,214162687.26,200617746.26,4005482000.00,0.00,0.00,195117042.38,195117042.38,4615379475.90,4348278462.97,240255720.94,267101012.93,3999565049.62,4615379475.90,2025-01-09
Department of Defense,Department of Defense,FY2024P12,057-3830,"Military Construction, Air National Guard",Department of the Air Force,National Defense,Department of Defense-Military,474899802.50,86053487.07,383726000.00,0.00,0.00,0.00,0.00,944679289.57,269542492.59,86129733.29,675136796.98,330013457.45,944679289.57,2025-01-09
Department of Defense,Department of Defense,FY2024P12,057-3840,"Operation and Maintenance, Air National Guard",Department of the Air Force,National Defense,Department of Defense-Military,347506243.62,635425738.74,7340700000.00,0.00,0.00,588192133.31,588192133.31,8911824115.67,8643977048.64,787678557.17,267847067.03,7969776553.66,8911824115.67,2025-01-09
Department of Defense,Department of Defense,FY2024P12,057-3850,"National Guard Personnel, Air Force",Department of the Air Force,National Defense,Department of Defense-Military,83546203.42,57332699.06,5349364000.00,0.00,0.00,60259644.27,60259644.27,5550502546.75,5474228864.65,126539677.53,76273682.10,4846257044.55,5550502546.75,2025-01-09
Department of Defense,Department of Defense,FY2024P12,057-5616,"Support of Athletic Programs, Air Force",Department of the Air Force,National Defense,Department of Defense-Military,16439244.01,473502.00,5510545.52,0.00,0.00,0.00,0.00,22423291.53,968179.73,473502.00,21455111.80,3978198.43,22423291.53,2025-01-09
Department of Defense,Department of Defense,FY2024P12,057-8418,"Air Force Cadet Fund, Air Force",Department of the Air Force,National Defense,Department of Defense-Military,216415.04,0.00,0.00,0.00,0.00,0.00,0.00,216415.04,0.00,0.00,216415.04,0.00,216415.04,2025-01-09
Department of Defense,Department of Defense,FY2024P12,057-8928,"Department of the Air Force General Gift Fund, Air Force",Department of the Air Force,National Defense,Department of Defense-Military,12245702.04,259852.07,3111137.13,0.00,0.00,0.00,0.00,15616691.24,3909069.75,259852.07,11707621.49,4297332.84,15616691.24,2025-01-09
Department of Transportation,Department of Transportation,FY2024P12,069-1710,"Ready Reserve Force, Maritime Administration, Transportation",Department of Transportation,National Defense,Defense-related activities,212347439.43,38084790.62,12000000.00,0.00,0.00,1015484495.09,1015484495.09,1277916725.14,1136580881.97,38084790.62,141335843.17,1025114160.33,1277916725.14,2024-11-15
Department of Transportation,Department of Transportation,FY2024P12,069-1711,"Maritime Security Program, Maritime Administration, Transportation",Department of Transportation,National Defense,Defense-related activities,32251814.12,5887909.00,301000000.00,0.00,0.00,0.00,0.00,339139723.12,311749292.86,5887909.00,27390430.26,305075296.26,339139723.12,2024-11-15
Department of Transportation,Department of Transportation,FY2024P12,069-1717,"Cable Security Fleet, Maritime Administration, Transportation",Department of Transportation,National Defense,Defense-related activities,12392473.08,0.00,10000000.00,0.00,0.00,0.00,0.00,22392473.08,10000000.00,0.00,12392473.08,10000000.00,22392473.08,2024-11-15
Department of Transportation,Department of Transportation,FY2024P12,069-1718,"Tanker Security Program, Maritime Administration, Transportation",Department of Transportation,National Defense,Defense-related activities,60000000.00,50276763.96,39000000.00,0.00,0.00,0.00,0.00,149276763.96,60000000.00,50276763.96,89276763.96,49936485.57,149276763.96,2024-11-15
Department of Homeland Security,Department of Homeland Security,FY2024P12,070-0411,"Federal Assistance, Countering Weapons of Mass Destruction Office, Homeland Security",Department of Homeland Security,National Defense,Defense-related activities,30956942.81,4837569.40,142885000.00,0.00,0.00,19000.00,19000.00,178698512.21,146403866.15,12208751.56,32294646.06,130054911.59,178698512.21,2024-11-14
Department of Homeland Security,Department of Homeland Security,FY2024P12,070-0412,"Procurement, Construction, and Improvements, Cybersecurity and Infrastructure Security Agency, Homeland Security",Department of Homeland Security,National Defense,Defense-related activities,60148387.02,20351248.96,485901000.00,0.00,0.00,840000.00,840000.00,567240635.98,506501490.81,38027629.18,60739145.17,591848001.27,567240635.98,2024-11-14
Department of Homeland Security,Department of Homeland Security,FY2024P12,070-0565,"Infrastructure Protection and Information Security, Cybersecurity and Infrastructure Security Agency, Homeland Security",Department of Homeland Security,National Defense,Defense-related activities,0.00,172486.27,0.00,0.00,0.00,0.00,0.00,172486.27,0.00,172486.27,172486.27,0.00,172486.27,2024-11-14
Department of Homeland Security,Department of Homeland Security,FY2024P12,070-0805,"Research and Development, Cybersecurity and Infrastructure Security Agency, Homeland Security",Department of Homeland Security,National Defense,Defense-related activities,8398442.90,-962103.43,-1207000.00,0.00,0.00,0.00,0.00,6229339.47,3312683.08,644538.54,2916656.39,6424927.09,6229339.47,2024-11-14
Department of Homeland Security,Department of Homeland Security,FY2024P12,070-1911,"Cybersecurity Response and Recovery Fund, Cybersecurity and Infrastructure Security Agency, Homeland Security",Department of Homeland Security,National Defense,Defense-related activities,39900000.00,0.00,19950000.00,0.00,0.00,0.00,0.00,59850000.00,0.00,0.00,59850000.00,0.00,59850000.00,2024-11-14
Department of Energy,Department of Energy,FY2024P12,089-0240,"Weapons Activities, National Nuclear Security Administration, Energy",Department of Energy,National Defense,Atomic energy defense activities,326721906.28,544251023.18,19108000000.00,0.00,0.00,4339449823.58,4339449823.58,24318422753.04,23637473396.00,544772432.28,680949357.04,21572069455.21,24318422753.04,2024-11-14
Department of Energy,Department of Energy,FY2024P12,089-0243,"Other Defense Activities, Environmental and Other Defense Activities, Energy",Department of Energy,National Defense,Atomic energy defense activities,84383494.88,77200142.85,1079992288.02,0.00,0.00,501021845.87,501021845.87,1742597771.62,1652767010.37,80658728.31,89830761.25,2517588501.08,1742597771.62,2024-11-14
Department of Energy,Department of Energy,FY2024P12,089-0244,"Defense Nuclear Waste Disposal, Environmental and Other Defense Activities, Energy",Department of Energy,National Defense,Atomic energy defense activities,157.86,582.11,0.00,0.00,0.00,0.00,0.00,739.97,0.00,582.11,739.97,359560.18,739.97,2024-11-14
Department of Energy,Department of Energy,FY2024P12,089-0249,"Defense Environmental Services, Energy",Department of Energy,National Defense,Atomic energy defense activities,9449.56,-9449.56,0.00,0.00,0.00,0.00,0.00,0.00,0.00,0.00,0.00,0.00,0.00,2024-11-14
Department of Energy,Department of Energy,FY2024P12,089-0251,"Defense Environmental Cleanup, Environmental and Other Defense Activities, Energy",Department of Energy,National Defense,Atomic energy defense activities,1166480932.72,182709662.99,7568592231.00,0.00,0.00,0.00,0.00,8917782826.71,7634560443.26,184657563.45,1283222383.45,7319733910.12,8917782826.71,2024-11-14
Department of Energy,Department of Energy,FY2024P12,089-0309,"Defense Nuclear Nonproliferation, National Nuclear Security Administration, Energy",Department of Energy,National Defense,Atomic energy defense activities,66341658.80,60967257.52,2711337000.00,0.00,0.00,21333580.12,21333580.12,2859979496.44,2638684171.05,60967257.52,221295325.39,2773415905.47,2859979496.44,2024-11-14
Department of Energy,Department of Energy,FY2024P12,089-0313,"Federal Salaries and Expenses, National Nuclear Security Administration, Energy",Department of Energy,National Defense,Atomic energy defense activities,39751225.81,5067065.29,505540000.00,0.00,0.00,0.00,0.00,550358291.10,512152910.15,6296734.70,38205380.95,505029315.21,550358291.10,2024-11-14
Department of Energy,Department of Energy,FY2024P12,089-0314,"Naval Reactors, National Nuclear Security Administration, Energy",Department of Energy,National Defense,Atomic energy defense activities,20452334.04,12563051.28,1853200000.00,0.00,0.00,0.00,0.00,1886215385.32,1859189504.77,12987505.22,27025880.55,1869684656.65,1886215385.32,2024-11-14
Corps of Engineers - Civil Works,Corps of Engineers - Civil Works,FY2024P12,096-3130,"Formerly Utilized Sites Remedial Action Program, Corps of Engineers-Civil",Corps of Engineers - Civil Works,National Defense,Atomic energy defense activities,303902525.72,3488679.63,300000000.00,0.00,0.00,0.00,0.00,607391205.35,311715936.11,3488679.63,295675269.24,250019674.61,607391205.35,2025-01-10
Department of Defense,Department of Defense,FY2024P12,097-0040,"Payments to Military Retirement Fund, Defense",Department of Defense,National Defense,Defense-related activities,0.00,0.00,151521000000.00,0.00,0.00,0.00,0.00,151521000000.00,151521000000.00,0.00,0.00,151521000000.00,151521000000.00,2025-01-09
Department of Defense,Department of Defense,FY2024P12,097-0041,"Concurrent Receipt Accrual Payments to the Military Retirement Fund, Defense",Department of Defense,National Defense,Department of Defense-Military,0.00,0.00,19874141000.00,0.00,0.00,0.00,0.00,19874141000.00,19874141000.00,0.00,0.00,19874141000.00,19874141000.00,2025-01-09
Department of Defense,Department of Defense,FY2024P12,097-0100,"Operation and Maintenance, Defense-Wide, Defense",Department of Defense,National Defense,Department of Defense-Military,12385326317.23,-1195927381.20,80119596254.00,0.00,0.00,1721629552.16,1721629552.16,93030624742.19,64937051094.15,3393182895.10,28093573648.04,61056130480.78,93030624742.19,2025-01-09
Department of Defense,Department of Defense,FY2024P12,097-0104,"United States Court of Appeals for the Armed Forces, Defense",Department of Defense,National Defense,Department of Defense-Military,795638.14,168602.12,16620000.00,0.00,0.00,0.00,0.00,17584240.26,16801234.42,294215.53,783005.84,14544823.06,17584240.26,2025-01-09
Department of Defense,Department of Defense,FY2024P12,097-0105,"Drug Interdiction and Counter-Drug Activities, Defense",Department of Defense,National Defense,Department of Defense-Military,0.00,0.00,0.00,0.00,0.00,0.00,0.00,0.00,0.00,0.00,0.00,0.00,0.00,2025-01-09
Department of Defense,Department of Defense,FY2024P12,097-0107,"Office of the Inspector General, Defense",Department of Defense,National Defense,Department of Defense-Military,21954953.30,6526888.18,536665000.00,0.00,0.00,5983501.46,5983501.46,571130342.94,542642466.66,13998077.17,28487876.28,515988742.53,571130342.94,2025-01-09
Department of Defense,Department of Defense,FY2024P12,097-0111,"Department of Defense Acquisition Workforce Development Account, Defense",Department of Defense,National Defense,Department of Defense-Military,90574840.23,15942025.70,64977000.00,0.00,0.00,0.00,0.00,171493865.93,70924447.55,16799550.71,100569418.38,91822576.22,171493865.93,2025-01-09
Department of Defense,Department of Defense,FY2024P12,097-0118,"Overseas Contingency Operations Transfer Fund, Defense",Department of Defense,National Defense,Department of Defense-Military,9972184.00,0.00,0.00,0.00,0.00,0.00,0.00,9972184.00,0.00,0.00,9972184.00,0.00,9972184.00,2025-01-09
Department of Defense,Department of Defense,FY2024P12,097-0130,"Defense Health Program, Defense",Department of Defense,National Defense,Department of Defense-Military,4157986799.98,1265164017.46,39683808000.00,0.00,0.00,4625496614.96,4625496614.96,49732455432.40,45716285702.76,2203882720.28,4016169729.64,43349095679.72,49732455432.40,2025-01-09
Department of Defense,Department of Defense,FY2024P12,097-0134,"Cooperative Threat Reduction Account, Defense",Department of Defense,National Defense,Department of Defense-Military,226553529.79,25477899.38,275999000.00,0.00,0.00,15522166.76,15522166.76,543552595.93,292089652.22,17836295.07,251462943.71,308493990.68,543552595.93,2025-01-09
Department of Defense,Department of Defense,FY2024P12,097-0300,"Procurement, Defense-Wide",Department of Defense,National Defense,Department of Defense-Military,2777791986.88,365623149.37,12050025000.00,0.00,0.00,593649060.38,593649060.38,15787089196.63,7659097562.20,402204838.57,8127991634.43,6581562075.01,15787089196.63,2025-01-09
Department of Defense,Department of Defense,FY2024P12,097-0350,"National Guard and Reserve Equipment Account, Defense",Department of Defense,National Defense,Department of Defense-Military,1172504795.70,63292458.09,1000000000.00,0.00,0.00,12.09,12.09,2235797265.88,804001824.70,81019035.75,1431795441.18,864592272.39,2235797265.88,2025-01-09
Department of Defense,Department of Defense,FY2024P12,097-0360,"Defense Production Act Purchases, Defense",Department of Defense,National Defense,Department of Defense-Military,980081142.15,16062282.34,929105000.00,0.00,0.00,0.00,0.00,1925248424.49,836371791.58,16062282.34,1088876632.91,394101183.86,1925248424.49,2025-01-09
Department of Defense,Department of Defense,FY2024P12,097-0361,Defense Production Act Program Account. Defense,Department of Defense,National Defense,Department of Defense-Military,22194189.81,0.00,0.00,0.00,0.00,0.00,0.00,22194189.81,1267614.35,0.00,20926575.46,4061033.48,22194189.81,2025-01-09
Department of Defense,Department of Defense,FY2024P12,097-0362,"Defense Strategic Capital Credit Program, Defense",Department of Defense,National Defense,Department of Defense-Military,0.00,0.00,49200000.00,0.00,0.00,0.00,0.00,49200000.00,0.00,0.00,49200000.00,0.00,49200000.00,2025-01-09
Department of Defense,Department of Defense,FY2024P12,097-0390,"Chemical Agents and Munitions Destruction, Defense",Department of Defense,National Defense,Department of Defense-Military,20387544.40,65430827.52,1089964000.00,0.00,0.00,8076.72,8076.72,1175790448.64,1137155837.76,71783147.14,38634610.88,1117888917.63,1175790448.64,2025-01-09
Department of Defense,Department of Defense,FY2024P12,097-0391,"Chemical Demilitarization Construction, Defense-Wide",Department of Defense,National Defense,Department of Defense-Military,0.01,-0.01,0.00,0.00,0.00,0.00,0.00,0.00,0.00,1277.67,0.00,0.00,0.00,2025-01-09
Department of Defense,Department of Defense,FY2024P12,097-0400,"Research, Development, Test, and Evaluation, Defense-Wide",Department of Defense,National Defense,Department of Defense-Military,7542076083.02,633173285.62,37579860974.00,0.00,0.00,934669031.12,934669031.12,46689779373.76,38459708555.40,965203960.62,8230070818.36,35387223305.73,46689779373.76,2025-01-09
Department of Defense,Department of Defense,FY2024P12,097-0402,"Department of Defense Rapid Prototyping Fund, Defense",Department of Defense,National Defense,Department of Defense-Military,438376.22,4278610.40,0.00,0.00,0.00,0.00,0.00,4716986.62,4279150.02,7073713.88,437836.60,5863063.46,4716986.62,2025-01-09
Department of Defense,Department of Defense,FY2024P12,097-0403,"Creating Helpful Incentives to Produce Semi-Conductors (CHIPS) for America Defense Fund, Defense",Department of Defense,National Defense,Department of Defense-Military,0.00,0.00,0.00,0.00,0.00,0.00,0.00,0.00,0.00,0.00,0.00,0.00,0.00,2025-01-09
Department of Defense,Department of Defense,FY2024P12,097-0460,"Operational Test and Evaluation, Defense",Department of Defense,National Defense,Department of Defense-Military,70320984.27,1399301.15,336717000.00,0.00,0.00,2451.62,2451.62,408439737.04,370098148.78,3441307.70,38341588.26,395952633.31,408439737.04,2025-01-09
Department of Defense,Department of Defense,FY2024P12,097-0500,"Military Construction, Defense-Wide",Department of Defense,National Defense,Department of Defense-Military,4231378586.87,472191652.85,3261282000.00,0.00,0.00,0.00,0.00,7964852239.72,3111244876.09,545212882.21,4853607363.63,2362030988.85,7964852239.72,2025-01-09
Department of Defense,Department of Defense,FY2024P12,097-0510,"Department of Defense Base Closure Account 1990, Defense",Department of Defense,National Defense,Department of Defense-Military,31803822.02,503392.60,0.00,0.00,0.00,0.00,0.00,32307214.62,0.00,503392.60,32307214.62,1579927.92,32307214.62,2025-01-09
Department of Defense,Department of Defense;Department of Transportation,FY2024P12,097-0512,"Department of Defense Base Closure Account 2005, Defense",Department of Defense,National Defense,Department of Defense-Military,453537732.83,4923183.43,0.00,0.00,0.00,0.00,0.00,458460916.26,4794906.92,4923183.43,453666009.34,12607.18,458460916.26,2025-01-09
Department of Defense,Department of Defense;Department of Transportation,FY2024P12,097-0516,"Department of Defense Base Closure Account, Defense",Department of Defense,National Defense,Department of Defense-Military,686243039.03,100370005.85,489174000.00,0.00,0.00,8203051.01,8203051.01,1283990095.89,692060790.56,100370005.85,591929305.33,422885545.84,1283990095.89,2025-01-09
Department of Defense,Department of Defense,FY2024P12,097-0765,"Family Housing Operation and Maintenance, Defense-Wide",Department of Defense,National Defense,Department of Defense-Military,11408598.46,-11095.20,50785000.00,0.00,0.00,199.41,199.41,62182702.67,52286974.98,4148232.35,9895727.69,44256529.34,62182702.67,2025-01-09
Department of Defense,Department of Defense,FY2024P12,097-0801,"Foreign Currency Fluctuations, Defense",Department of Defense,National Defense,Department of Defense-Military,970000000.00,0.00,0.00,0.00,0.00,0.00,0.00,970000000.00,0.00,0.00,970000000.00,0.00,970000000.00,2025-01-09
Department of Defense,Department of Defense,FY2024P12,097-0803,"Foreign Currency Fluctuations, Construction, Defense",Department of Defense,National Defense,Department of Defense-Military,132832812.51,155000.00,0.00,0.00,0.00,0.00,0.00,132987812.51,0.00,0.00,132987812.51,0.00,132987812.51,2025-01-09
Department of Defense,Department of Defense,FY2024P12,097-0804,"North Atlantic Treaty Organization, Security Investment Program, Defense",Department of Defense,National Defense,Department of Defense-Military,79009881.79,194636384.53,293434000.00,0.00,0.00,0.00,0.00,567080266.32,508124851.44,194636384.53,58955414.88,161026412.55,567080266.32,2025-01-09
Department of Defense,Department of Defense,FY2024P12,097-0810,"Environmental Restoration, Defense",Department of Defense,National Defense,Department of Defense-Military,49381700.00,-4024000.00,2100000.00,0.00,0.00,0.00,0.00,47457700.00,0.00,0.00,47457700.00,0.00,47457700.00,2025-01-09
Department of Defense,Department of Defense,FY2024P12,097-0811,"Environmental Restoration, Formerly Used Defense Sites, Defense",Department of Defense,National Defense,Department of Defense-Military,26000000.62,-26000000.00,0.00,0.00,0.00,0.00,0.00,0.62,0.00,0.00,0.62,0.00,0.62,2025-01-09
Department of Defense,Department of Defense,FY2024P12,097-0819,"Overseas Humanitarian, Disaster, and Civic AID, Defense",Department of Defense,National Defense,Department of Defense-Military,579350749.22,201978258.57,225750000.00,0.00,0.00,29377.72,29377.72,1007108385.51,256234512.75,221685017.13,750873872.76,503752639.07,1007108385.51,2025-01-09
Department of Defense,Department of Defense,FY2024P12,097-0833,"Defense Emergency Response Fund, Defense",Department of Defense,National Defense,Department of Defense-Military,230391438.57,-129987.06,0.00,0.00,0.00,0.00,0.00,230261451.51,1524192.58,86670.56,228737258.93,0.00,230261451.51,2025-01-09
Department of Defense,Department of Defense,FY2024P12,097-0834,"Department of Defense Family Housing Improvement Fund, Defense",Department of Defense,National Defense,Department of Defense-Military,22630672.30,43064000.00,6611000.55,0.00,0.00,0.00,0.00,72305672.85,41516544.09,0.00,30789128.76,41810874.82,72305672.85,2025-01-09
Department of Defense,Department of Defense,FY2024P12,097-0836,"Department of Defense Military Unaccompanied Housing Improvement Fund, Defense",Department of Defense,National Defense,Department of Defense-Military,9220.11,15000.00,496000.00,0.00,0.00,0.00,0.00,520220.11,506000.00,15000.00,14220.11,1332542.10,520220.11,2025-01-09
Department of Defense,Department of Defense,FY2024P12,097-0838,"Support for International Sporting Competitions, Defense",Department of Defense,National Defense,Department of Defense-Military,13203565.06,780.75,0.00,0.00,0.00,0.00,0.00,13204345.81,957147.14,780.75,12247198.67,358307.31,13204345.81,2025-01-09
Department of Defense,Department of Defense,FY2024P12,097-0850,Payment to Department of Defense Medicare-Eligible Retiree Health Care Fund,Department of Defense,National Defense,Defense-related activities,0.00,0.00,9584000000.00,0.00,0.00,0.00,0.00,9584000000.00,9584000000.00,0.00,0.00,9584000000.00,9584000000.00,2025-01-09
Department of Defense,Department of Defense,FY2024P12,097-2093,"Joint Improvised-Threat Defeat Fund, Defense",Department of Defense,National Defense,Department of Defense-Military,15726584.89,-15433811.26,0.00,0.00,0.00,0.00,0.00,292773.63,292773.63,1917084.05,0.00,177600.17,292773.63,2025-01-09
Department of Defense,Department of Defense,FY2024P12,097-4090,"Homeowners Assistance Fund, Defense",Department of Defense,National Defense,Department of Defense-Military,47012366.29,3282.96,0.00,0.00,0.00,0.00,0.00,47015649.25,1646177.79,3282.96,45369471.46,972179.75,47015649.25,2025-01-09
Department of Defense,Department of Defense,FY2024P12,097-4091,"Homeowners Assistance Fund - Recovery Act, Defense",Department of Defense,National Defense,Department of Defense-Military,808163.47,40240.72,0.00,0.00,0.00,0.00,0.00,848404.19,40240.72,40240.72,808163.47,0.00,848404.19,2025-01-09
Department of Defense,Department of Defense,FY2024P12,097-4555,"National Defense Stockpile Transaction Fund, Defense",Department of Defense,National Defense,Department of Defense-Military,454241099.67,15396933.01,50000000.00,0.00,0.00,41220884.85,41220884.85,560858917.53,238535686.17,15396933.01,322323231.36,127428603.13,560858917.53,2025-01-09
Department of Defense,Department of Defense,FY2024P12,097-4930,"Department of Defense Working Capital Fund, Defense",Department of Defense,National Defense,Department of Defense-Military,12965692734.79,2682088259.27,1892739000.00,0.00,90652469802.51,62709019961.07,153361489763.58,170902009757.64,157146340283.87,12957645548.53,13755669473.77,139485873599.35,170902009757.64,2025-01-09
Department of Defense,Department of Defense,FY2024P12,097-4931,"Building Maintenance Fund, Defense",Department of Defense,National Defense,Department of Defense-Military,22733088.21,14336916.79,0.00,0.00,0.00,337121013.56,337121013.56,374191018.56,338413508.55,14336916.79,35777510.01,304487765.83,374191018.56,2025-01-09
Department of Defense,Department of Defense,FY2024P12,097-4932,"Defense Counterintelligence and Security Agency Working Capital Fund, Defense",Department of Defense,National Defense,Department of Defense-Military,601115725.55,308831.50,0.00,0.00,0.00,1699155302.71,1699155302.71,2300579859.76,1740700008.87,0.00,559879850.89,1692336772.77,2300579859.76,2025-01-09
Department of Defense,Department of Defense,FY2024P12,097-4950,Pentagon Reservation Maintenance Revolving Fund,Department of Defense,National Defense,Department of Defense-Military,67442305.44,31168317.85,0.00,0.00,0.00,818267701.89,818267701.89,916878325.18,860181790.59,31168317.85,56696534.59,742840301.65,916878325.18,2025-01-09
Department of Defense,Department of Defense,FY2024P12,097-4965,"Emergency Response Fund, Defense",Department of Defense,National Defense,Department of Defense-Military,11462230.88,0.00,0.00,0.00,0.00,0.00,0.00,11462230.88,0.00,0.00,11462230.88,0.00,11462230.88,2025-01-09
Department of Defense,Department of Defense,FY2024P12,097-5187,"Defense Cooperation Account, Defense",Department of Defense,National Defense,Department of Defense-Military,0.00,0.00,0.00,0.00,0.00,0.00,0.00,0.00,0.00,0.00,0.00,0.00,0.00,2025-01-09
Department of Defense,Department of Defense,FY2024P12,097-5188,"Disposal of Department of Defense Real Property, Defense",Department of Defense,National Defense,Department of Defense-Military,82458129.47,244740.57,8252428.37,0.00,0.00,0.00,0.00,90955298.41,3711857.04,244740.57,87243441.37,1885791.32,90955298.41,2025-01-09
Department of Defense,Department of Defense,FY2024P12,097-5189,"Lease of Department of Defense Real Property, Defense",Department of Defense,National Defense,Department of Defense-Military,243858980.90,1750327.10,30322572.87,0.00,0.00,0.00,0.00,275931880.87,22111452.66,1750327.10,253820428.21,16652131.36,275931880.87,2025-01-09
Department of Defense,Department of Defense,FY2024P12,097-5193,"Department of Defense Overseas Military Facility Investment Recovery Account, Defense",Department of Defense,National Defense,Department of Defense-Military,553029.02,0.00,0.00,0.00,0.00,0.00,0.00,553029.02,0.00,0.00,553029.02,0.00,553029.02,2025-01-09
Department of Defense,Department of Defense,FY2024P12,097-5195,"Use of Proceeds from the Transfer or Disposition of Commissary Facilities, Defense",Department of Defense,National Defense,Department of Defense-Military,1502315.28,0.00,2967.00,0.00,0.00,0.00,0.00,1505282.28,0.00,0.00,1505282.28,0.00,1505282.28,2025-01-09
Department of Defense,Department of Defense,FY2024P12,097-5441,"Burden Sharing Contribution, Defense",Department of Defense,National Defense,Department of Defense-Military,1096038113.77,0.00,1239207097.32,0.00,0.00,0.00,0.00,2335245211.09,805596025.28,0.00,1529649185.81,803692778.36,2335245211.09,2025-01-09
Department of Defense,Department of Defense,FY2024P12,097-5613,"Mutually Beneficial Activities, Defense",Department of Defense,National Defense,Department of Defense-Military,24129527.40,0.00,0.00,0.00,0.00,0.00,0.00,24129527.40,6433935.30,0.00,17695592.10,6326072.70,24129527.40,2025-01-09
Department of Defense,Department of Defense,FY2024P12,097-5750,"Department of Defense Vietnam War Commemoration Fund, Defense",Department of Defense,National Defense,Department of Defense-Military,884948.08,14050.11,0.00,0.00,0.00,0.00,0.00,898998.19,327690.45,14050.11,571307.74,328099.30,898998.19,2025-01-09
Department of Defense,Department of Defense,FY2024P12,097-5751,"Contributions to the Cooperative Threat Reduction Program, Defense",Department of Defense,National Defense,Department of Defense-Military,376434.20,1319050.88,0.00,0.00,0.00,0.00,0.00,1695485.08,1424288.88,1319050.88,271196.20,2663262.31,1695485.08,2025-01-09
Department of Defense,Department of Defense,FY2024P12,097-5753,"Contributions for Renewable Energy Impact Assessments and Mitigation, Defense",Department of Defense,National Defense,Department of Defense-Military,2427750.05,145998.55,1280000.00,0.00,0.00,430000.00,430000.00,4283748.60,242858.76,145998.55,4040889.84,164399.34,4283748.60,2025-01-09
Department of Defense,Department of Defense,FY2024P12,097-8096,Department of Defense Dependents' Education Gift Fund,Department of Defense,National Defense,Department of Defense-Military,0.00,0.00,0.00,0.00,0.00,6369.87,6369.87,6369.87,0.00,0.00,6369.87,0.00,6369.87,2025-01-09
Department of Defense,Department of Defense,FY2024P12,097-8163,"Department of Defense General Gift Fund, Defense",Department of Defense,National Defense,Department of Defense-Military,7509874.08,0.00,47890.29,0.00,0.00,0.00,0.00,7557764.37,408921.32,0.00,7148843.05,405826.04,7557764.37,2025-01-09
Department of Defense,Department of Defense,FY2024P12,097-8164,"Commissary Stores Surcharge Program, Defense",Department of Defense,National Defense,Department of Defense-Military,82022560.51,9919340.59,0.00,0.00,0.00,235166190.42,235166190.42,327108091.52,220288552.02,9919340.59,106819539.50,205039709.47,327108091.52,2025-01-09
Department of Defense,Department of Defense,FY2024P12,097-8165,"Foreign National Employees Separation Pay Account, Defense",Department of Defense,National Defense,Department of Defense-Military,4346632.04,0.00,3168255.48,0.00,0.00,0.00,0.00,7514887.52,3168255.48,0.00,4346632.04,4877538.09,7514887.52,2025-01-09
Department of Defense,Department of Defense,FY2024P12,097-8168,"National Security Education Trust Fund, Defense",Department of Defense,National Defense,Department of Defense-Military,306354.92,0.00,0.00,0.00,0.00,0.00,0.00,306354.92,0.00,23697.94,306354.92,0.00,306354.92,2025-01-09
Department of Defense,Department of Defense,FY2024P12,097-8335,"Voluntary Separation Incentive Fund, Defense",Department of Defense,National Defense,Department of Defense-Military,0.00,0.00,19936737.75,0.00,0.00,0.00,0.00,19936737.75,19936737.75,0.00,0.00,20087111.79,19936737.75,2025-01-09
Department of Defense,Department of Defense,FY2024P12,097-8337,"Host Nation Support for U.S. Relocation Activities, Defense",Department of Defense,National Defense,Department of Defense-Military,179618341.99,0.00,76390053.34,0.00,0.00,0.00,0.00,256008395.33,95559167.60,0.00,160449227.73,97696834.70,256008395.33,2025-01-09
Department of Defense,Department of Defense,FY2024P12,097-8358,"Support for U.S. Relocation to Guam Activities, Defense",Department of Defense,National Defense,Department of Defense-Military,1365250451.76,0.00,38394942.17,0.00,0.00,0.00,0.00,1403645393.93,475658784.69,0.00,927986609.24,486683897.27,1403645393.93,2025-01-09
Defense Nuclear Facilities Safety Board,Defense Nuclear Facilities Safety Board,FY2024P12,347-3900,"Salaries and Expenses, Defense Nuclear Facilities Safety Board",Defense Nuclear Facilities Safety Board,National Defense,Atomic energy defense activities,9530145.93,332011.55,42000000.00,0.00,0.00,3127.57,3127.57,51865285.05,44185130.86,723059.88,7680154.19,43951024.94,51865285.05,2024-11-14
Privacy and Civil Liberties Oversight Board,Privacy and Civil Liberties Oversight Board,FY2024P12,535-2724,"Salaries and Expenses, Privacy and Civil Liberties Oversight Board",Privacy and Civil Liberties Oversight Board,National Defense,Defense-related activities,2694859.10,-266226.18,13700000.00,0.00,0.00,0.00,0.00,16128632.92,11648086.29,222121.85,4480546.63,11605579.42,16128632.92,2024-11-01
